{
    "vertices":[0,-30,-30,0,30,-30,11.4805,-30,-27.7164,11.4805,30,-27.7164,21.2132,-30,-21.2132,21.2132,30,-21.2132,27.7164,-30,-11.4805,27.7164,30,-11.4805,30,-30,3e-06,30,30,0,27.7164,-30,11.4805,27.7164,30,11.4805,21.2132,-30,21.2132,21.2132,30,21.2132,11.4805,-30,27.7164,11.4805,30,27.7164,5e-06,-30,30,5e-06,30,30,-11.4805,-30,27.7164,-11.4805,30,27.7164,-21.2132,-30,21.2132,-21.2132,30,21.2132,-27.7164,-30,11.4805,-27.7164,30,11.4805,-30,-30,1e-06,-30,30,-2e-06,-27.7164,-30,-11.4805,-27.7164,30,-11.4805,-21.2132,-30,-21.2132,-21.2132,30,-21.2132,-11.4805,-30,-27.7164,-11.4805,30,-27.7164],
    "faces":[33,0,1,3,2,0,0,0,0,33,2,3,5,4,1,1,1,1,33,4,5,7,6,2,2,2,2,33,6,7,9,8,3,3,3,3,33,8,9,11,10,4,4,4,4,33,10,11,13,12,5,5,5,5,33,12,13,15,14,6,6,6,6,33,14,15,17,16,7,7,7,7,33,16,17,19,18,8,8,8,8,33,18,19,21,20,9,9,9,9,33,20,21,23,22,10,10,10,10,33,22,23,25,24,11,11,11,11,33,24,25,27,26,12,12,12,12,33,26,27,29,28,13,13,13,13,32,5,3,1,14,14,14,32,1,31,29,15,15,15,32,29,27,25,16,16,16,32,25,23,21,14,14,14,32,21,19,17,14,14,14,32,17,15,13,15,15,15,32,13,11,9,14,14,14,32,9,7,5,17,17,17,32,5,1,29,18,18,18,32,29,25,21,19,19,19,32,21,17,13,15,15,15,32,13,9,5,20,20,20,32,5,29,21,21,21,21,32,21,13,5,22,22,22,33,28,29,31,30,23,23,23,23,33,1,0,30,31,24,24,24,24,32,30,0,2,25,25,25,32,2,4,6,26,26,26,32,6,8,10,27,27,27,32,10,12,14,28,28,28,32,14,16,18,26,26,26,32,18,20,22,29,29,29,32,22,24,26,26,26,26,32,26,28,30,26,26,26,32,30,2,6,26,26,26,32,6,10,14,30,30,30,32,14,18,22,31,31,31,32,22,26,30,26,26,26,32,30,6,14,32,32,32,32,14,22,30,33,33,33],
    "name":"Cylinder.001Geometry",
    "metadata":{
        "vertices":32,
        "faces":44,
        "generator":"io_three",
        "normals":34,
        "type":"Geometry",
        "uvs":0,
        "version":3
    },
    "uvs":[],
    "normals":[0.19509,-0.980785,0,0.55557,-0.83147,0,0.83147,-0.55557,0,0.980785,-0.19509,0,0.980785,0.19509,-0,0.83147,0.55557,-0,0.55557,0.83147,-0,0.19509,0.980785,-0,-0.19509,0.980785,-0,-0.55557,0.83147,-0,-0.831469,0.55557,-0,-0.980785,0.19509,-0,-0.980785,-0.195091,0,-0.831469,-0.55557,0,0,0,-1,0,0,-1,0,0,-1,-0,0,-1,-0,0,-1,0,-0,-1,-0,-0,-1,0,-0,-1,-0,-0,-1,-0.55557,-0.83147,0,-0.19509,-0.980785,0,-0,0,1,0,0,1,0,-0,1,0,0,1,-0,0,1,-0,-0,1,0,0,1,-0,0,1,0,0,1]
}