{
    "metadata":{
        "type":"Geometry",
        "faces":92,
        "version":3,
        "normals":48,
        "vertices":64,
        "uvs":0,
        "generator":"io_three"
    },
    "name":"CylinderGeometry.3",
    "faces":[33,0,1,3,2,0,0,0,0,33,2,3,5,4,1,1,1,1,33,4,5,7,6,2,2,2,2,33,6,7,9,8,3,3,3,3,33,8,9,11,10,4,4,4,4,33,10,11,13,12,5,5,5,5,33,12,13,15,14,6,6,6,6,33,14,15,17,16,7,7,7,7,33,16,17,19,18,8,8,8,8,33,18,19,21,20,9,9,9,9,33,20,21,23,22,10,10,10,10,33,22,23,25,24,11,11,11,11,33,24,25,27,26,12,12,12,12,33,26,27,29,28,13,13,13,13,33,28,29,31,30,14,14,14,14,33,30,31,33,32,15,15,15,15,33,32,33,35,34,16,16,16,16,33,34,35,37,36,17,17,17,17,33,36,37,39,38,18,18,18,18,33,38,39,41,40,19,19,19,19,33,40,41,43,42,20,20,20,20,33,42,43,45,44,21,21,21,21,33,44,45,47,46,22,22,22,22,33,46,47,49,48,23,23,23,23,33,48,49,51,50,24,24,24,24,33,50,51,53,52,25,25,25,25,33,52,53,55,54,26,26,26,26,33,54,55,57,56,27,27,27,27,33,56,57,59,58,28,28,28,28,33,58,59,61,60,29,29,29,29,32,5,3,1,30,30,30,32,1,63,61,30,30,30,32,61,59,57,31,31,31,32,57,55,53,32,32,32,32,53,51,49,30,30,30,32,49,47,45,30,30,30,32,45,43,41,30,30,30,32,41,39,37,30,30,30,32,37,35,33,30,30,30,32,33,31,29,30,30,30,32,29,27,25,30,30,30,32,25,23,21,30,30,30,32,21,19,17,30,30,30,32,17,15,13,31,31,31,32,13,11,9,33,33,33,32,9,7,5,30,30,30,32,5,1,61,34,34,34,32,61,57,53,35,35,35,32,53,49,45,30,30,30,32,45,41,37,31,31,31,32,37,33,29,30,30,30,32,29,25,21,30,30,30,32,21,17,13,36,36,36,32,13,9,5,37,37,37,32,5,61,53,38,38,38,32,53,45,37,30,30,30,32,37,29,21,30,30,30,32,21,13,5,39,39,39,32,5,53,37,40,40,40,32,37,21,5,41,41,41,33,60,61,63,62,42,42,42,42,33,1,0,62,63,43,43,43,43,32,62,0,2,44,44,44,32,2,4,6,45,45,45,32,6,8,10,45,45,45,32,10,12,14,45,45,45,32,14,16,18,46,46,46,32,18,20,22,45,45,45,32,22,24,26,45,45,45,32,26,28,30,45,45,45,32,30,32,34,45,45,45,32,34,36,38,47,47,47,32,38,40,42,47,47,47,32,42,44,46,45,45,45,32,46,48,50,45,45,45,32,50,52,54,45,45,45,32,54,56,58,45,45,45,32,58,60,62,45,45,45,32,62,2,6,44,44,44,32,6,10,14,45,45,45,32,14,18,22,46,46,46,32,22,26,30,45,45,45,32,30,34,38,45,45,45,32,38,42,46,45,45,45,32,46,50,54,45,45,45,32,54,58,62,45,45,45,32,62,6,14,45,45,45,32,14,22,30,45,45,45,32,30,38,46,45,45,45,32,46,54,62,45,45,45,32,62,14,30,46,46,46,32,30,46,62,45,45,45],
    "normals":[0.098018,-0.995185,-0,0.290284,-0.956941,-0,0.471397,-0.881921,-0,0.634393,-0.77301,0,0.773011,-0.634393,0,0.881921,-0.471396,0,0.95694,-0.290285,0,0.995185,-0.098017,-0,0.995185,0.098017,-0,0.95694,0.290285,-0,0.881921,0.471396,-0,0.773011,0.634393,-0,0.634393,0.77301,-0,0.471396,0.881921,-0,0.290285,0.95694,-0,0.098015,0.995185,-0,-0.098016,0.995185,-0,-0.290286,0.95694,-0,-0.471397,0.881921,-0,-0.634394,0.77301,-0,-0.773011,0.634392,-0,-0.881921,0.471396,-0,-0.956941,0.290284,-0,-0.995185,0.098016,-0,-0.995185,-0.098018,-0,-0.95694,-0.290286,-0,-0.881921,-0.471398,0,-0.77301,-0.634394,0,-0.634392,-0.773011,-0,-0.471396,-0.881922,-0,0,0,-1,0,0,-1,1e-06,1e-06,-1,-1e-06,1e-06,-1,-0,0,-1,-0,-0,-1,0,-0,-1,0,-0,-1,0,-0,-1,-0,0,-1,0,-0,-1,-0,-0,-1,-0.290281,-0.956941,-0,-0.098019,-0.995185,-0,-0,0,1,0,0,1,0,-0,1,0,0,1],
    "vertices":[0,-30,-124.386,0,30,-124.386,5.85271,-30,-123.809,5.85271,30,-123.809,11.4805,-30,-122.102,11.4805,30,-122.102,16.6671,-30,-119.33,16.6671,30,-119.33,21.2132,-30,-115.599,21.2132,30,-115.599,24.9441,-30,-111.053,24.9441,30,-111.053,27.7164,-30,-105.866,27.7164,30,-105.866,29.4236,-30,-100.239,29.4236,30,-100.239,30,-30,-94.3859,30,30,-94.3859,29.4236,-30,-88.5332,29.4236,30,-88.5332,27.7164,-30,-82.9054,27.7164,30,-82.9054,24.9441,-30,-77.7188,24.9441,30,-77.7188,21.2132,-30,-73.1727,21.2132,30,-73.1727,16.6671,-30,-69.4418,16.6671,30,-69.4418,11.4805,-30,-66.6695,11.4805,30,-66.6695,5.8527,-30,-64.9623,5.8527,30,-64.9623,-1e-05,-30,-64.3859,-1e-05,30,-64.3859,-5.85272,-30,-64.9623,-5.85272,30,-64.9623,-11.4805,-30,-66.6695,-11.4805,30,-66.6695,-16.6671,-30,-69.4418,-16.6671,30,-69.4418,-21.2132,-30,-73.1727,-21.2132,30,-73.1727,-24.9441,-30,-77.7188,-24.9441,30,-77.7188,-27.7164,-30,-82.9054,-27.7164,30,-82.9054,-29.4236,-30,-88.5332,-29.4236,30,-88.5332,-30,-30,-94.3859,-30,30,-94.3859,-29.4236,-30,-100.239,-29.4236,30,-100.239,-27.7164,-30,-105.866,-27.7164,30,-105.866,-24.9441,-30,-111.053,-24.9441,30,-111.053,-21.2132,-30,-115.599,-21.2132,30,-115.599,-16.6671,-30,-119.33,-16.6671,30,-119.33,-11.4805,-30,-122.102,-11.4805,30,-122.102,-5.85266,-30,-123.809,-5.85266,30,-123.809],
    "uvs":[]
}